social_memory_size,p_outgroup,mean_risk_perception_final_mean,mean_inference_final_mean,mean_js_final_mean,mean_min_js_final_mean,mean_median_js_final_mean,mean_max_js_final_mean
10,0.01,0.021435391696414178,0.011083235468176491,0.07614495303568812,0.028592761477739502,0.06755943652735766,0.1322826611019672
10,0.1,0.2010737629882839,0.02137795859123749,0.05123498237682057,0.018270641802849586,0.04409599640709863,0.09133830892051348
10,0.2,0.40089026966850827,0.1367950289567846,0.16173376309144988,0.03707797020676021,0.11439177336324248,0.33373154570434693
10,0.3,0.6005254319610397,0.7816179398919302,0.3205749100792306,0.05264407654909415,0.1653277454291716,0.7437529082594257
10,0.4,0.7994595738912679,0.996041659608228,0.33157408827300017,0.03843271941980363,0.11177078438556448,0.844518761013632
10,0.5,0.8980234890381176,0.9996678139701205,0.34589812151810123,0.02414796324778107,0.14574378857634257,0.8678026127301789
25,0.01,0.021352271349899445,0.01112765353354391,0.06685275580434638,0.019434180310103275,0.05428370480200036,0.12684038230093553
25,0.1,0.20077038594023316,0.0240026866917345,0.06602324941642086,0.022533914285457337,0.056078139470324515,0.11945769449348072
25,0.2,0.4006900621309398,0.19096588667983233,0.23874662748761477,0.055101548900351884,0.1505049354458667,0.5106333981166256
25,0.3,0.6004714760156994,0.8803883392615248,0.33710446789889564,0.026844368418362283,0.17386913966588974,0.8105998956124345
25,0.4,0.7998430304172989,0.998661287790643,0.35207983762667666,0.03189657813333682,0.1416382793342866,0.882704655412406
25,0.5,0.7458616428105596,0.99249342039283,0.35215314780733237,0.028202244270917973,0.12923328813579188,0.8990239110152862
50,0.01,0.021268906235022325,0.011154525078592999,0.0680308001473619,0.026546494870059393,0.055681975506972486,0.12186393006505379
50,0.1,0.20066213145915335,0.033216110889965164,0.07200552286897541,0.024203969920297535,0.05979224331015989,0.13202035537646883
50,0.2,0.4003431928899339,0.393623344216104,0.3239374016180315,0.0821291577588161,0.16806738078096553,0.7216156663143122
50,0.3,0.5994131276085691,0.9762487841984334,0.3490946346183114,0.03494201420138092,0.15581554176106807,0.8565263478924846
50,0.4,0.5904512350388806,0.9476116426883396,0.36540675352149543,0.03997787389801351,0.15867948881722377,0.8975628978492479
50,0.5,0.4915093053054133,0.5873490842817901,0.38994397155594474,0.0635606726169233,0.3326245099569519,0.7736467320939586
75,0.01,0.021140195149732713,0.011299027989593098,0.07432749313326917,0.027688324760677323,0.06418099157230965,0.1311131630668205
75,0.1,0.2003285378047484,0.07132237053028256,0.17782726358269893,0.05384536588310456,0.14159608375472738,0.3380403411102648
75,0.2,0.3782660124283872,0.7196696125346448,0.3693194253393378,0.0706990961524853,0.2289958082561773,0.8082633716093502
75,0.3,0.33736761762609613,0.3068182748442464,0.34317078487904273,0.08037469722108731,0.2595511449867563,0.6895865124292847
75,0.4,0.289403341038122,0.10464695670643126,0.09223958871958636,0.0376055907913408,0.09024658694478943,0.1488665884226289
75,0.5,0.24071728927383687,0.044394897121425476,0.026932822213791487,0.008838698383250918,0.022490689616829176,0.04946907864129435
90,0.01,0.021118881966461122,0.011753738718882144,0.07188318018428475,0.02542240367082749,0.063844461461416,0.12638267542061074
90,0.1,0.16340901967364246,0.09548422575107827,0.17088861046843212,0.06498735996508401,0.1482398154736882,0.2994386559665242
90,0.2,0.14688079875366428,0.03689530294408457,0.05550773539385085,0.01881749208581148,0.04675980259053451,0.10094591150520649
90,0.3,0.12831557458804893,0.02200860592795813,0.03679341646353141,0.013114172285552669,0.031152997931592163,0.06611307917344939
90,0.4,0.10994010712114757,0.01642271888637447,0.0319862357036607,0.010604356887714264,0.026928545706452155,0.05842580451681567
90,0.5,0.09145702990161261,0.013874448171524284,0.03203758949451009,0.010533660484026207,0.02713288333418531,0.058446224665318715
100,0.01,0.0012571464387476634,0.01106293217116296,0.07429816049991074,0.029489109401775137,0.06557167796737275,0.12783369413058435
100,0.1,0.00134155946608301,0.011037327440771695,0.054398570606130466,0.018666794071600108,0.04718365208101948,0.0973452656657718
100,0.2,0.0013463965671046785,0.010971564989237403,0.045560149312981114,0.017329856785351087,0.04070359308374568,0.07864699806984661
100,0.3,0.0013472519090605998,0.011018440313306533,0.03758540319507648,0.013448591153041884,0.03125482991525206,0.0680527885169355
100,0.4,0.001347506431873195,0.011007116727632603,0.027840622366489255,0.009503995660850214,0.02360897588648076,0.050408895552136804
100,0.5,0.0013493017789174633,0.010981395393487015,0.027415531327077143,0.00848902419925698,0.0216494098102384,0.05210815997173606
