model_variant,social_memory_size,p_outgroup,mean_js_final_mean
0,10,0.01,0.06236275174646681
0,10,0.1,0.0526550079101607
0,10,0.2,0.05048837358442537
0,10,0.3,0.044620727774662264
0,10,0.4,0.03581790573646525
0,10,0.5,0.027559913642698615
0,25,0.01,0.07168423029575638
0,25,0.1,0.05325790636042889
0,25,0.2,0.054734909492107055
0,25,0.3,0.03716269415684276
0,25,0.4,0.027600665670451014
0,25,0.5,0.03272293263659777
0,50,0.01,0.06922833896680708
0,50,0.1,0.05882426658687858
0,50,0.2,0.041902471014669235
0,50,0.3,0.040319204788811465
0,50,0.4,0.02784827673217414
0,50,0.5,0.031883682225674545
0,75,0.01,0.06196918215529031
0,75,0.1,0.04787336276667546
0,75,0.2,0.04988896725940644
0,75,0.3,0.04304735675947839
0,75,0.4,0.03024666655753968
0,75,0.5,0.03172190956293848
0,90,0.01,0.07634228042296869
0,90,0.1,0.05878645037697072
0,90,0.2,0.04939877223561532
0,90,0.3,0.03998364128903026
0,90,0.4,0.03134255166099447
0,90,0.5,0.030954133251474412
0,100,0.01,0.0592588633941787
0,100,0.1,0.0642814678986518
0,100,0.2,0.04004208430883065
0,100,0.3,0.04637962494868967
0,100,0.4,0.02892440736297113
0,100,0.5,0.031209821279662365
2,10,0.01,0.06954504173742787
2,10,0.1,0.12177090327025308
2,10,0.2,0.28758919981416065
2,10,0.3,0.3325334077985195
2,10,0.4,0.3249479899071729
2,10,0.5,0.3389233594849359
2,25,0.01,0.06039677907472376
2,25,0.1,0.15086785592289553
2,25,0.2,0.3212546697664816
2,25,0.3,0.343680402036585
2,25,0.4,0.34993838960194906
2,25,0.5,0.3575541918183745
2,50,0.01,0.07144149009062752
2,50,0.1,0.2659165148370744
2,50,0.2,0.3588515117919195
2,50,0.3,0.34454309846586956
2,50,0.4,0.3791304126807239
2,50,0.5,0.411571031300124
2,75,0.01,0.15574218630733383
2,75,0.1,0.3938479537220008
2,75,0.2,0.42173863887134794
2,75,0.3,0.4836996213166794
2,75,0.4,0.5777245304086212
2,75,0.5,0.5822981847123329
2,90,0.01,0.38508296476361153
2,90,0.1,0.5343078721409252
2,90,0.2,0.6067244551035472
2,90,0.3,0.5853409609168778
2,90,0.4,0.3069454099677061
2,90,0.5,0.027963079015398677
2,100,0.01,0.9143852043995849
2,100,0.1,0.9597978738041826
2,100,0.2,0.3486237245521693
2,100,0.3,0.03915022110095332
2,100,0.4,0.024462431185864376
2,100,0.5,0.02465321452558209
